{
  "project_info": {
    "project_number": "1003076331964",
    "project_id": "techml",
    "storage_bucket": "techml.appspot.com"
  },
  "client": [
    {
      "client_info": {
        "mobilesdk_app_id": "1:1003076331964:android:231d8007b8d1db28a763b9",
        "android_client_info": {
          "package_name": "tech.example.tech_ml_app"
        }
      },
      "oauth_client": [
        {
          "client_id": "1003076331964-ju0839ehe2qa0cpiidr7mnsmhq9stnlv.apps.googleusercontent.com",
          "client_type": 3
        }
      ],
      "api_key": [
        {
          "current_key": "AIzaSyC7wo-xzR55rREZN04ElOITdaY_rLmAYyc"
        }
      ],
      "services": {
        "appinvite_service": {
          "other_platform_oauth_client": [
            {
              "client_id": "1003076331964-ju0839ehe2qa0cpiidr7mnsmhq9stnlv.apps.googleusercontent.com",
              "client_type": 3
            }
          ]
        }
      }
    }
  ],
  "configuration_version": "1"
}